"","date","median","lower","upper","candidate"
"1",2017-11-26,13.9458107024893,12.5079073131339,15.5197438767893,"Tymoshenko"
"2",2017-11-27,13.9291381712541,12.4756653538034,15.5330795909956,"Tymoshenko"
"3",2017-11-28,13.8704989952028,12.4223561805408,15.5043328496808,"Tymoshenko"
"4",2017-11-29,13.8329080589326,12.3202475777064,15.5327646395931,"Tymoshenko"
"5",2017-11-30,13.7929186705182,12.2597942637676,15.5042070935981,"Tymoshenko"
"6",2017-12-01,13.7558964964345,12.2248907248457,15.4965688776863,"Tymoshenko"
"7",2017-12-02,13.7150250777709,12.1415879671212,15.4832755376124,"Tymoshenko"
"8",2017-12-03,13.6730376887753,12.0417284730194,15.4927505589142,"Tymoshenko"
"9",2017-12-04,13.6455174734194,12.0213840506325,15.4565322072853,"Tymoshenko"
"10",2017-12-05,13.6041394711555,11.996093934694,15.4444074822059,"Tymoshenko"
"11",2017-12-06,13.5625994380208,12.0098141344022,15.3583763566237,"Tymoshenko"
"12",2017-12-07,13.5389571624417,11.9301787922352,15.3535337677811,"Tymoshenko"
"13",2017-12-08,13.508761953246,11.8458952312901,15.3062284916752,"Tymoshenko"
"14",2017-12-09,13.5153769902992,11.8406697078701,15.343346106831,"Tymoshenko"
"15",2017-12-10,13.5236302569694,11.8229647295256,15.3696764038983,"Tymoshenko"
"16",2017-12-11,13.521785935665,11.8000439198753,15.3965463061032,"Tymoshenko"
"17",2017-12-12,13.5377688269763,11.770931283028,15.3832959084031,"Tymoshenko"
"18",2017-12-13,13.5435483021482,11.7631337220266,15.4077395954866,"Tymoshenko"
"19",2017-12-14,13.566764629063,11.806460630965,15.3497107637048,"Tymoshenko"
"20",2017-12-15,13.5755490851348,11.8355752089252,15.4298053984182,"Tymoshenko"
"21",2017-12-16,13.5750438209171,11.8714425649135,15.3752043309668,"Tymoshenko"
"22",2017-12-17,13.5808780091736,11.8963474616417,15.4191634397849,"Tymoshenko"
"23",2017-12-18,13.6149451896366,11.926933114501,15.4393605943684,"Tymoshenko"
"24",2017-12-19,13.6315331728698,11.9154981714158,15.4713619181774,"Tymoshenko"
"25",2017-12-20,13.6692427994141,11.9018467766367,15.503526826885,"Tymoshenko"
"26",2017-12-21,13.6618086043096,11.8586913866316,15.578810048002,"Tymoshenko"
"27",2017-12-22,13.674962601701,11.8652851737186,15.5735284813897,"Tymoshenko"
"28",2017-12-23,13.659938583276,11.7887027914447,15.5912845676129,"Tymoshenko"
"29",2017-12-24,13.6420403719684,11.7285361522133,15.6221764471766,"Tymoshenko"
"30",2017-12-25,13.6604596368956,11.6693075422547,15.6966596323649,"Tymoshenko"
"31",2017-12-26,13.650563676046,11.6298639543859,15.6889193182542,"Tymoshenko"
"32",2017-12-27,13.6453879504143,11.5963039652241,15.7557074320337,"Tymoshenko"
"33",2017-12-28,13.6479013946957,11.5992194177475,15.7486855340125,"Tymoshenko"
"34",2017-12-29,13.6192451844293,11.4994221790015,15.7820051162559,"Tymoshenko"
"35",2017-12-30,13.6385358365248,11.4714219777269,15.8157437078339,"Tymoshenko"
"36",2017-12-31,13.62207525083,11.3905207343317,15.8136943579453,"Tymoshenko"
"37",2018-01-01,13.5884476888145,11.3116295166113,15.8215457544525,"Tymoshenko"
"38",2018-01-02,13.5767784057326,11.3074776666675,15.8482991371955,"Tymoshenko"
"39",2018-01-03,13.607483459252,11.3035068875496,15.9001783329833,"Tymoshenko"
"40",2018-01-04,13.5921717469231,11.2288657206114,15.906011340015,"Tymoshenko"
"41",2018-01-05,13.5619766059759,11.1611087360956,15.8914816527237,"Tymoshenko"
"42",2018-01-06,13.56296414969,11.1506392144648,15.8617045759236,"Tymoshenko"
"43",2018-01-07,13.5533576398414,11.1559498776377,15.8485384006034,"Tymoshenko"
"44",2018-01-08,13.5639986515932,11.0901625574987,15.8647454209063,"Tymoshenko"
"45",2018-01-09,13.5578053407168,11.0451017530176,15.8378291738603,"Tymoshenko"
"46",2018-01-10,13.5509513850393,11.038533369573,15.8413899696232,"Tymoshenko"
"47",2018-01-11,13.5466650731184,11.0433903064865,15.8387023591223,"Tymoshenko"
"48",2018-01-12,13.5556034525333,10.9776120191996,15.9014834958316,"Tymoshenko"
"49",2018-01-13,13.5488158955476,11.0172440726906,15.9280039320572,"Tymoshenko"
"50",2018-01-14,13.553149644403,11.0070624851686,15.9370823949005,"Tymoshenko"
"51",2018-01-15,13.5332259649828,10.9539866616305,15.8918707868656,"Tymoshenko"
"52",2018-01-16,13.5328411625501,10.9264487188817,15.9020911833621,"Tymoshenko"
"53",2018-01-17,13.5328474604867,10.8997880118123,15.872767765982,"Tymoshenko"
"54",2018-01-18,13.5189328898344,10.9214110831972,15.8377722736293,"Tymoshenko"
"55",2018-01-19,13.4878519077825,10.8999630908531,15.8391841316695,"Tymoshenko"
"56",2018-01-20,13.4966307433548,10.8770807019871,15.8672291126896,"Tymoshenko"
"57",2018-01-21,13.4671936580585,10.9174724263106,15.8678538937782,"Tymoshenko"
"58",2018-01-22,13.4526644830135,10.8764076846502,15.8552387318819,"Tymoshenko"
"59",2018-01-23,13.4583490554012,10.8666250731171,15.8591539486656,"Tymoshenko"
"60",2018-01-24,13.4789477110859,10.8314768356842,15.844597380308,"Tymoshenko"
"61",2018-01-25,13.4630607536994,10.8812389084807,15.8579818737644,"Tymoshenko"
"62",2018-01-26,13.4626310614914,10.9044845574996,15.7980154355503,"Tymoshenko"
"63",2018-01-27,13.4431641277941,10.8281725203301,15.8407071406205,"Tymoshenko"
"64",2018-01-28,13.4266450734795,10.8481707934891,15.8036104867416,"Tymoshenko"
"65",2018-01-29,13.4259585627866,10.8840516397026,15.7729923171716,"Tymoshenko"
"66",2018-01-30,13.3951010636988,10.8749300166029,15.7641671501534,"Tymoshenko"
"67",2018-01-31,13.4077900969382,10.8779798691505,15.7823326929714,"Tymoshenko"
"68",2018-02-01,13.3897832567859,10.8560205928048,15.6947152831708,"Tymoshenko"
"69",2018-02-02,13.3907876739594,10.9294781791421,15.6659590049746,"Tymoshenko"
"70",2018-02-03,13.3740003897195,10.89549035495,15.7259896818361,"Tymoshenko"
"71",2018-02-04,13.3672609476025,10.901562408732,15.6932446702314,"Tymoshenko"
"72",2018-02-05,13.3857759085179,10.9489429248285,15.6398566816888,"Tymoshenko"
"73",2018-02-06,13.3690253028466,10.9303861953275,15.6570860525597,"Tymoshenko"
"74",2018-02-07,13.3728193432641,10.9126335465617,15.6053374009161,"Tymoshenko"
"75",2018-02-08,13.348336842969,10.9139804852676,15.5874787016523,"Tymoshenko"
"76",2018-02-09,13.3293083126295,10.9287301373936,15.5695053015266,"Tymoshenko"
"77",2018-02-10,13.331572158235,10.9240330259973,15.5336316524876,"Tymoshenko"
"78",2018-02-11,13.3302549633192,10.9490322962051,15.4813233386445,"Tymoshenko"
"79",2018-02-12,13.3203522890357,10.9688272411286,15.4520864725699,"Tymoshenko"
"80",2018-02-13,13.3063655454844,10.9580930208781,15.4289593993753,"Tymoshenko"
"81",2018-02-14,13.3249339418815,11.0135520669229,15.4771742939279,"Tymoshenko"
"82",2018-02-15,13.33287117614,10.9802231258719,15.3874249438112,"Tymoshenko"
"83",2018-02-16,13.336276861032,11.0240876547405,15.4574481581444,"Tymoshenko"
"84",2018-02-17,13.3155773913267,10.9800722275239,15.4659324932515,"Tymoshenko"
"85",2018-02-18,13.3257542188073,10.9750910761646,15.4358312932982,"Tymoshenko"
"86",2018-02-19,13.3211293209451,11.0229497839416,15.4846111369696,"Tymoshenko"
"87",2018-02-20,13.3322621964219,11.0329529879749,15.4524747172627,"Tymoshenko"
"88",2018-02-21,13.3371029442723,10.9848631355398,15.4205675388286,"Tymoshenko"
"89",2018-02-22,13.3451183138806,10.996414852965,15.4358272221813,"Tymoshenko"
"90",2018-02-23,13.3491497124763,11.0818424662712,15.4618872723931,"Tymoshenko"
"91",2018-02-24,13.3360124554378,11.0460133192625,15.4535943076754,"Tymoshenko"
"92",2018-02-25,13.3410981535339,11.1064370768911,15.4707436637774,"Tymoshenko"
"93",2018-02-26,13.3462138819547,11.0921561353054,15.4477409435782,"Tymoshenko"
"94",2018-02-27,13.3518805335579,11.1282732243509,15.4202422370688,"Tymoshenko"
"95",2018-02-28,13.3581843156762,11.108818516724,15.3689525227299,"Tymoshenko"
"96",2018-03-01,13.3620252027716,11.2051426774834,15.343034498526,"Tymoshenko"
"97",2018-03-02,13.3552302935994,11.2023038104732,15.3565117845313,"Tymoshenko"
"98",2018-03-03,13.356868341943,11.1874488266621,15.3400110064947,"Tymoshenko"
"99",2018-03-04,13.355856696295,11.2416829191963,15.3595528828765,"Tymoshenko"
"100",2018-03-05,13.3293080978304,11.2388130457569,15.3440346153817,"Tymoshenko"
"101",2018-03-06,13.3360412029093,11.284600623829,15.3053159248394,"Tymoshenko"
"102",2018-03-07,13.3324069776609,11.3312272194726,15.2750339524572,"Tymoshenko"
"103",2018-03-08,13.3263540237315,11.3543270914006,15.2310695959266,"Tymoshenko"
"104",2018-03-09,13.3339365525515,11.3550742223733,15.1708709268665,"Tymoshenko"
"105",2018-03-10,13.3239627376049,11.4202954907131,15.1124775083564,"Tymoshenko"
"106",2018-03-11,13.3304259717116,11.4251589966968,15.1059781473003,"Tymoshenko"
"107",2018-03-12,13.3212619921572,11.5061014990319,15.1174645714825,"Tymoshenko"
"108",2018-03-13,13.2912536213246,11.4761637068065,15.0330067233608,"Tymoshenko"
"109",2018-03-14,13.2259208243016,11.3859832391335,14.9831730434861,"Tymoshenko"
"110",2018-03-15,13.1583353611164,11.3018413316639,14.9238945900972,"Tymoshenko"
"111",2018-03-16,13.096426291529,11.2382125211969,14.885931791337,"Tymoshenko"
"112",2018-03-17,13.017989433228,11.1270025667772,14.8130853657139,"Tymoshenko"
"113",2018-03-18,12.9429973334969,11.1060703503893,14.7406529967096,"Tymoshenko"
"114",2018-03-19,12.8789958769302,11.044177842384,14.7486934307289,"Tymoshenko"
"115",2018-03-20,12.8027181100381,10.9899972133667,14.612288119206,"Tymoshenko"
"116",2018-03-21,12.72906494435,10.9316511071913,14.5780446467741,"Tymoshenko"
"117",2018-03-22,12.6558177364991,10.8998802304042,14.5518101393347,"Tymoshenko"
"118",2018-03-23,12.5823528363529,10.8533005853455,14.4683249201206,"Tymoshenko"
"119",2018-03-24,12.5287412234432,10.8036815178262,14.3653311782161,"Tymoshenko"
"120",2018-03-25,12.4452495515711,10.7365651464504,14.3508649617042,"Tymoshenko"
"121",2018-03-26,12.4229853124263,10.6847419418012,14.2797776258761,"Tymoshenko"
"122",2018-03-27,12.3919399174328,10.6632898077714,14.2556184119875,"Tymoshenko"
"123",2018-03-28,12.3560715819064,10.6044487589296,14.2757373234361,"Tymoshenko"
"124",2018-03-29,12.346325567747,10.5711622717671,14.2075622259017,"Tymoshenko"
"125",2018-03-30,12.3147803877204,10.547711702273,14.2033840272916,"Tymoshenko"
"126",2018-03-31,12.2830492676739,10.5529375991218,14.2190178045176,"Tymoshenko"
"127",2018-04-01,12.2703165528154,10.4747109725596,14.2330293092918,"Tymoshenko"
"128",2018-04-02,12.2199436013766,10.4337420295802,14.1477826013847,"Tymoshenko"
"129",2018-04-03,12.1944643079685,10.4015674316427,14.125955206871,"Tymoshenko"
"130",2018-04-04,12.1585458380951,10.373061686791,14.0550049854731,"Tymoshenko"
"131",2018-04-05,12.1373362364768,10.3258091535315,13.9962238043152,"Tymoshenko"
"132",2018-04-06,12.0939350794411,10.3279909287563,13.9549144958825,"Tymoshenko"
"133",2018-04-07,12.0758754963259,10.315395017465,13.9050485107027,"Tymoshenko"
"134",2018-04-08,12.0414653278341,10.2513445842239,13.8656341998006,"Tymoshenko"
"135",2018-04-09,12.0127144607735,10.2404893811932,13.7987431245723,"Tymoshenko"
"136",2018-04-10,11.9937424365067,10.2712373374655,13.751432884993,"Tymoshenko"
"137",2018-04-11,11.9635493235896,10.2650569723126,13.7406568828057,"Tymoshenko"
"138",2018-04-12,11.9347318345524,10.2468876451551,13.6644492290937,"Tymoshenko"
"139",2018-04-13,11.9286861989291,10.2828813725135,13.6557543596068,"Tymoshenko"
"140",2018-04-14,11.9270198165347,10.2696093591067,13.6407473095525,"Tymoshenko"
"141",2018-04-15,11.9207674803433,10.3444682827357,13.596039815576,"Tymoshenko"
"142",2018-04-16,11.925446326965,10.3189847438958,13.5381080133661,"Tymoshenko"
"143",2018-04-17,11.9371639006224,10.3159227083098,13.5265939420079,"Tymoshenko"
"144",2018-04-18,11.9421203031849,10.3280815887831,13.5515095818886,"Tymoshenko"
"145",2018-04-19,11.9496913684603,10.34109123628,13.5257046348421,"Tymoshenko"
"146",2018-04-20,11.9561807607313,10.3568480161617,13.5288412820975,"Tymoshenko"
"147",2018-04-21,11.9663544790945,10.4058236412746,13.5310769373074,"Tymoshenko"
"148",2018-04-22,11.9641755488979,10.4764704911549,13.5838579816687,"Tymoshenko"
"149",2018-04-23,12.0029286510664,10.4609479642695,13.6332402890316,"Tymoshenko"
"150",2018-04-24,12.039369454064,10.5221156483499,13.6649407063382,"Tymoshenko"
"151",2018-04-25,12.0787439579689,10.5729549100638,13.6829149727593,"Tymoshenko"
"152",2018-04-26,12.1447907336138,10.5893698291825,13.7610493695959,"Tymoshenko"
"153",2018-04-27,12.1999502247715,10.6265997402882,13.8024156422821,"Tymoshenko"
"154",2018-04-28,12.2615702725148,10.693433130887,13.8913035636432,"Tymoshenko"
"155",2018-04-29,12.2917237491672,10.7231861283654,13.9460499775833,"Tymoshenko"
"156",2018-04-30,12.3530785952135,10.791800567249,13.9752962520778,"Tymoshenko"
"157",2018-05-01,12.3991011984554,10.781834237126,14.0312910742655,"Tymoshenko"
"158",2018-05-02,12.4570048657319,10.8772192339396,14.1110428880218,"Tymoshenko"
"159",2018-05-03,12.5092636443893,10.9171717733888,14.2119801267204,"Tymoshenko"
"160",2018-05-04,12.5703265395945,10.9651089736594,14.2420458560415,"Tymoshenko"
"161",2018-05-05,12.6344216205977,11.0242555328032,14.2924564748134,"Tymoshenko"
"162",2018-05-06,12.6944461875864,11.0361639979385,14.3226028913773,"Tymoshenko"
"163",2018-05-07,12.7231363589605,11.109032502619,14.3248242328731,"Tymoshenko"
"164",2018-05-08,12.7811471362126,11.1539171686429,14.3641934962873,"Tymoshenko"
"165",2018-05-09,12.8129285020057,11.2353436576589,14.3722139547804,"Tymoshenko"
"166",2018-05-10,12.802702065537,11.2150876806895,14.3542818775898,"Tymoshenko"
"167",2018-05-11,12.8186130177286,11.1733473284726,14.3842902986241,"Tymoshenko"
"168",2018-05-12,12.7947309520754,11.1587756003998,14.3833637323855,"Tymoshenko"
"169",2018-05-13,12.7948408391709,11.2093464721058,14.3942544185023,"Tymoshenko"
"170",2018-05-14,12.8004102375937,11.1566253628492,14.4018922891555,"Tymoshenko"
"171",2018-05-15,12.7976540056892,11.1513439801063,14.3742405627344,"Tymoshenko"
"172",2018-05-16,12.7798355502427,11.1324044389173,14.356985947957,"Tymoshenko"
"173",2018-05-17,12.7672065922934,11.1683689340625,14.3784997135747,"Tymoshenko"
"174",2018-05-18,12.7987419640369,11.1370652747024,14.4073483278896,"Tymoshenko"
"175",2018-05-19,12.8206479096519,11.1449872097146,14.4797117225186,"Tymoshenko"
"176",2018-05-20,12.8521177323434,11.1954573017969,14.5314997574664,"Tymoshenko"
"177",2018-05-21,12.8621268372039,11.2096375605082,14.519154515514,"Tymoshenko"
"178",2018-05-22,12.8855666145929,11.2574968256404,14.5552262967605,"Tymoshenko"
"179",2018-05-23,12.9008178115619,11.2427311748168,14.5633455031843,"Tymoshenko"
"180",2018-05-24,12.9253285771791,11.2088736117113,14.5924867995182,"Tymoshenko"
"181",2018-05-25,12.9397504346254,11.1871358860101,14.6441461696338,"Tymoshenko"
"182",2018-05-26,12.9586213527145,11.1847072884234,14.6879003405264,"Tymoshenko"
"183",2018-05-27,12.9674364514838,11.2330625308097,14.710737447922,"Tymoshenko"
"184",2018-05-28,12.9831695694528,11.2065393499185,14.7579821609508,"Tymoshenko"
"185",2018-05-29,12.9823530562112,11.2038566620181,14.807653668642,"Tymoshenko"
"186",2018-05-30,13.0100666977648,11.2192656904992,14.8112836589189,"Tymoshenko"
"187",2018-05-31,13.025887205038,11.2364384242636,14.7976196270196,"Tymoshenko"
"188",2018-06-01,13.0119593581878,11.2505351596978,14.8178553846397,"Tymoshenko"
"189",2018-06-02,13.0271665206812,11.22758326851,14.8290864017384,"Tymoshenko"
"190",2018-06-03,13.0308331070099,11.2724060892419,14.8924324957836,"Tymoshenko"
"191",2018-06-04,13.058631344328,11.2572051526679,14.9034206955958,"Tymoshenko"
"192",2018-06-05,13.0548292777723,11.2854899055151,14.8676369711227,"Tymoshenko"
"193",2018-06-06,13.0510220675398,11.2641576104718,14.8716632048018,"Tymoshenko"
"194",2018-06-07,13.073192051068,11.3363486381538,14.8497655748175,"Tymoshenko"
"195",2018-06-08,13.0867416990798,11.3600187350264,14.8152163536318,"Tymoshenko"
"196",2018-06-09,13.0942509900284,11.3707681740255,14.806733124525,"Tymoshenko"
"197",2018-06-10,13.1105803670549,11.4292184492436,14.7726508191638,"Tymoshenko"
"198",2018-06-11,13.1229519110119,11.4547713148656,14.7612546347229,"Tymoshenko"
"199",2018-06-12,13.1352223949312,11.5073274871685,14.721464079227,"Tymoshenko"
"200",2018-06-13,13.1350333276105,11.5583455890652,14.7190002353013,"Tymoshenko"
"201",2018-06-14,13.1488283970243,11.5884083556808,14.7028084128925,"Tymoshenko"
"202",2018-06-15,13.1582041311811,11.5921422968709,14.6841760213166,"Tymoshenko"
"203",2018-06-16,13.1750576580135,11.584746374875,14.651859219322,"Tymoshenko"
"204",2018-06-17,13.180706001583,11.55747127183,14.6480759274004,"Tymoshenko"
"205",2018-06-18,13.1973975326028,11.5938375341149,14.695056965602,"Tymoshenko"
"206",2018-06-19,13.19475984044,11.5796235654271,14.6674333424425,"Tymoshenko"
"207",2018-06-20,13.204346834336,11.6119858777082,14.6349661311465,"Tymoshenko"
"208",2018-06-21,13.2231200140852,11.5920197910596,14.6758040392541,"Tymoshenko"
"209",2018-06-22,13.2193392608239,11.61943074658,14.6536222067907,"Tymoshenko"
"210",2018-06-23,13.2220529327437,11.627441265306,14.6810135219965,"Tymoshenko"
"211",2018-06-24,13.234287871918,11.6807064267692,14.661998112582,"Tymoshenko"
"212",2018-06-25,13.2505227480382,11.7184252784449,14.6570446939546,"Tymoshenko"
"213",2018-06-26,13.2599122419916,11.7397925791921,14.6658108494777,"Tymoshenko"
"214",2018-06-27,13.26434463459,11.7028060256448,14.6845173495753,"Tymoshenko"
"215",2018-06-28,13.2762019263315,11.722163083411,14.7080501309574,"Tymoshenko"
"216",2018-06-29,13.2914270772335,11.71914200079,14.6987470126994,"Tymoshenko"
"217",2018-06-30,13.3020240696681,11.7037979152453,14.7362718650368,"Tymoshenko"
"218",2018-07-01,13.3103289164866,11.7429457938841,14.7477954097712,"Tymoshenko"
"219",2018-07-02,13.3131990540156,11.7675172847448,14.786668984909,"Tymoshenko"
"220",2018-07-03,13.3041134040558,11.7557722330864,14.7830382543963,"Tymoshenko"
"221",2018-07-04,13.3066680659814,11.7968497433991,14.8054608400361,"Tymoshenko"
"222",2018-07-05,13.3306051132844,11.7653594300596,14.8987154069625,"Tymoshenko"
"223",2018-07-06,13.3672136978054,11.7716658477432,14.915204090126,"Tymoshenko"
"224",2018-07-07,13.3921325635141,11.8266818264539,14.9683070154868,"Tymoshenko"
"225",2018-07-08,13.4273169705829,11.812524934917,15.012177780337,"Tymoshenko"
"226",2018-07-09,13.4590303398747,11.8473575574852,15.0537606057847,"Tymoshenko"
"227",2018-07-10,13.4756486634328,11.8546883918482,15.0783755245061,"Tymoshenko"
"228",2018-07-11,13.492278611945,11.8793616457729,15.0870384051269,"Tymoshenko"
"229",2018-07-12,13.5157092320494,11.8287365048,15.1863862155851,"Tymoshenko"
"230",2018-07-13,13.5411668128558,11.8969986012277,15.1699335125944,"Tymoshenko"
"231",2018-07-14,13.5750428953861,11.9164965159366,15.1784237368731,"Tymoshenko"
"232",2018-07-15,13.5742685626408,11.9313352381004,15.2231187578252,"Tymoshenko"
"233",2018-07-16,13.6090417683371,11.9980824687024,15.2377661590304,"Tymoshenko"
"234",2018-07-17,13.6311070570833,12.0044456331625,15.2588273113083,"Tymoshenko"
"235",2018-07-18,13.6818227740864,12.0828883156665,15.2511449088704,"Tymoshenko"
"236",2018-07-19,13.6954508238378,12.1248869816873,15.2839516341836,"Tymoshenko"
"237",2018-07-20,13.7191841154525,12.1250490314169,15.2540261803953,"Tymoshenko"
"238",2018-07-21,13.7304057586731,12.1776130363643,15.2325194511964,"Tymoshenko"
"239",2018-07-22,13.732977668384,12.2420846453382,15.2402525683187,"Tymoshenko"
"240",2018-07-23,13.7446078027399,12.2132712595255,15.2581228094092,"Tymoshenko"
"241",2018-07-24,13.7503364673521,12.2324824706251,15.3071615419007,"Tymoshenko"
"242",2018-07-25,13.7489163720261,12.2144430691407,15.2837665477042,"Tymoshenko"
"243",2018-07-26,13.7522495090255,12.1947647724655,15.2716840183736,"Tymoshenko"
"244",2018-07-27,13.7498201329358,12.21917353155,15.2938625750084,"Tymoshenko"
"245",2018-07-28,13.7562716902629,12.1653163901395,15.2744131020135,"Tymoshenko"
"246",2018-07-29,13.7856806060806,12.1919371442307,15.3617144926429,"Tymoshenko"
"247",2018-07-30,13.8344912661687,12.1965725540299,15.4533831240831,"Tymoshenko"
"248",2018-07-31,13.8663390028334,12.1585932018419,15.5313874607537,"Tymoshenko"
"249",2018-08-01,13.8993792841681,12.2072435999305,15.5567481349375,"Tymoshenko"
"250",2018-08-02,13.9358813442977,12.195905328054,15.6327008507358,"Tymoshenko"
"251",2018-08-03,13.9773183613784,12.2212831280154,15.7042439568071,"Tymoshenko"
"252",2018-08-04,14.0228062332655,12.2086223755389,15.7713102874438,"Tymoshenko"
"253",2018-08-05,14.0692810927524,12.2341381232986,15.7990092953193,"Tymoshenko"
"254",2018-08-06,14.0911286429023,12.3039929021472,15.8322132271044,"Tymoshenko"
"255",2018-08-07,14.1525718749031,12.3346841068155,15.8936828187711,"Tymoshenko"
"256",2018-08-08,14.1779048756075,12.3332497806128,15.9526862891017,"Tymoshenko"
"257",2018-08-09,14.2221780431148,12.4003210169336,16.0091393937243,"Tymoshenko"
"258",2018-08-10,14.2604010954866,12.4500896250865,16.0643863656234,"Tymoshenko"
"259",2018-08-11,14.3041487287788,12.4371533249959,16.0894070397581,"Tymoshenko"
"260",2018-08-12,14.3444425690247,12.5066154361779,16.1384063526517,"Tymoshenko"
"261",2018-08-13,14.3934452967193,12.5621153446905,16.1532666672977,"Tymoshenko"
"262",2018-08-14,14.427611873015,12.6416857536745,16.1961817972502,"Tymoshenko"
"263",2018-08-15,14.4547191274925,12.674297987011,16.2265163046538,"Tymoshenko"
"264",2018-08-16,14.5000351492697,12.7446864455882,16.2996973758242,"Tymoshenko"
"265",2018-08-17,14.5731776992637,12.773033085833,16.3006707433188,"Tymoshenko"
"266",2018-08-18,14.6074284898736,12.816589912506,16.3161268322433,"Tymoshenko"
"267",2018-08-19,14.6582920861228,12.8515617680766,16.3593385441212,"Tymoshenko"
"268",2018-08-20,14.6475145460968,12.8492777244833,16.3485508692155,"Tymoshenko"
"269",2018-08-21,14.6406962857126,12.8057427079373,16.3578790097188,"Tymoshenko"
"270",2018-08-22,14.6207086095915,12.8318833118584,16.2932147851198,"Tymoshenko"
"271",2018-08-23,14.6198795576849,12.8295355474168,16.3119676750218,"Tymoshenko"
"272",2018-08-24,14.6162904012081,12.854626028375,16.3213469247161,"Tymoshenko"
"273",2018-08-25,14.6200975079348,12.8764306029614,16.3086619665587,"Tymoshenko"
"274",2018-08-26,14.5998087457911,12.855463513794,16.277644239861,"Tymoshenko"
"275",2018-08-27,14.5950887499138,12.8771159843733,16.2401447279526,"Tymoshenko"
"276",2018-08-28,14.5857798296114,12.8848644515226,16.2170690327222,"Tymoshenko"
"277",2018-08-29,14.5767644297402,12.9354830544287,16.2054459374023,"Tymoshenko"
"278",2018-08-30,14.5676521271414,12.9388643795795,16.1821548236167,"Tymoshenko"
"279",2018-08-31,14.5697644822114,12.9472440992422,16.1903609792248,"Tymoshenko"
"280",2018-09-01,14.5552855033498,12.9568200421785,16.1681547750921,"Tymoshenko"
"281",2018-09-02,14.5608985656411,12.9457371569106,16.1258751510575,"Tymoshenko"
"282",2018-09-03,14.5476149588179,12.95349750831,16.0687910258327,"Tymoshenko"
"283",2018-09-04,14.5212605804452,12.9831727753686,16.0434765186441,"Tymoshenko"
"284",2018-09-05,14.5443831242488,13.0020552197912,16.0590064075557,"Tymoshenko"
"285",2018-09-06,14.5403640301383,12.9703802296481,16.0711193903227,"Tymoshenko"
"286",2018-09-07,14.5592416161149,12.9754180636681,16.0558390578553,"Tymoshenko"
"287",2018-09-08,14.5686975881396,13.0141275715805,16.0925136391206,"Tymoshenko"
"288",2018-09-09,14.584110618567,13.0455201026717,16.1092150258669,"Tymoshenko"
"289",2018-09-10,14.5932693545196,13.0416036707014,16.0774118187162,"Tymoshenko"
"290",2018-09-11,14.6079877945028,13.1167157168055,16.0875365782797,"Tymoshenko"
"291",2018-09-12,14.6283639043436,13.1388028463373,16.1093798243442,"Tymoshenko"
"292",2018-09-13,14.6434355848266,13.1648890286238,16.1179416265198,"Tymoshenko"
"293",2018-09-14,14.6506205424896,13.1775407206975,16.1214008438659,"Tymoshenko"
"294",2018-09-15,14.6599873736436,13.1889329817704,16.1190823944806,"Tymoshenko"
"295",2018-09-16,14.6491948351759,13.1402854485502,16.1245978643425,"Tymoshenko"
"296",2018-09-17,14.669366503623,13.1174914087193,16.1598051857152,"Tymoshenko"
"297",2018-09-18,14.7053314091734,13.1302537334014,16.1943461180111,"Tymoshenko"
"298",2018-09-19,14.7313978158187,13.1554232876783,16.2340403673202,"Tymoshenko"
"299",2018-09-20,14.7678662841506,13.1454540126483,16.2671151784681,"Tymoshenko"
"300",2018-09-21,14.7790325443736,13.1898827477925,16.2849186494753,"Tymoshenko"
"301",2018-09-22,14.813508400637,13.2109507189157,16.2978510240061,"Tymoshenko"
"302",2018-09-23,14.8110677542744,13.2081241116793,16.2976721002422,"Tymoshenko"
"303",2018-09-24,14.8357841584937,13.2752342278137,16.3463953635259,"Tymoshenko"
"304",2018-09-25,14.850447928126,13.3034870945595,16.3607220910384,"Tymoshenko"
"305",2018-09-26,14.8834494574285,13.3196346949048,16.3533784971433,"Tymoshenko"
"306",2018-09-27,14.916644458822,13.3679873663698,16.3640495009234,"Tymoshenko"
"307",2018-09-28,14.9506658103939,13.4558932102704,16.380711687693,"Tymoshenko"
"308",2018-09-29,14.9625491679339,13.4741140480799,16.3806344153206,"Tymoshenko"
"309",2018-09-30,15.0073937071229,13.4991793833429,16.3394468944812,"Tymoshenko"
"310",2018-10-01,15.0316661175097,13.5674089556677,16.3023357377402,"Tymoshenko"
"311",2018-10-02,15.0109265379282,13.5536701993178,16.2981394955935,"Tymoshenko"
"312",2018-10-03,15.0566728762617,13.5900391225566,16.3445841842236,"Tymoshenko"
"313",2018-10-04,15.0741533224798,13.6264530330643,16.3735104492981,"Tymoshenko"
"314",2018-10-05,15.1095778433284,13.6297994663743,16.4184673037345,"Tymoshenko"
"315",2018-10-06,15.148534701298,13.6689536801337,16.4597633116191,"Tymoshenko"
"316",2018-10-07,15.1815080501992,13.7267167487964,16.4888808908469,"Tymoshenko"
"317",2018-10-08,15.1761276664484,13.6727354614248,16.5127751049059,"Tymoshenko"
"318",2018-10-09,15.1803203432735,13.6425343603372,16.5555104423876,"Tymoshenko"
"319",2018-10-10,15.1899207247096,13.6127130068986,16.531013678323,"Tymoshenko"
"320",2018-10-11,15.1965735963768,13.595549116765,16.6148815711309,"Tymoshenko"
"321",2018-10-12,15.195609308954,13.6014092882971,16.6368579460828,"Tymoshenko"
"322",2018-10-13,15.1925196408375,13.6092796628341,16.6971716456638,"Tymoshenko"
"323",2018-10-14,15.2166167887705,13.5717123959731,16.7094935764819,"Tymoshenko"
"324",2018-10-15,15.2152778814244,13.5819487333618,16.7454886512062,"Tymoshenko"
"325",2018-10-16,15.2259530089732,13.6019899196549,16.7656259771114,"Tymoshenko"
"326",2018-10-17,15.2350940758301,13.6276258044327,16.8064414109455,"Tymoshenko"
"327",2018-10-18,15.2422502070046,13.6224978254465,16.7946239630483,"Tymoshenko"
"328",2018-10-19,15.2421534512736,13.5914444875448,16.8064839278134,"Tymoshenko"
"329",2018-10-20,15.2589112463519,13.6121895390748,16.7912383192378,"Tymoshenko"
"330",2018-10-21,15.2630336741044,13.6332907609517,16.7522536901233,"Tymoshenko"
"331",2018-10-22,15.2435283054932,13.5806455578725,16.7201338695477,"Tymoshenko"
"332",2018-10-23,15.2549172467049,13.6266666982224,16.721706430503,"Tymoshenko"
"333",2018-10-24,15.1997641313372,13.6036677353883,16.7246931323859,"Tymoshenko"
"334",2018-10-25,15.1826381387322,13.5734981723835,16.6954844270844,"Tymoshenko"
"335",2018-10-26,15.1790493813532,13.5575944159761,16.6637465482526,"Tymoshenko"
"336",2018-10-27,15.1281342128169,13.4965562740324,16.6546437559663,"Tymoshenko"
"337",2018-10-28,15.1020767027276,13.4906684059734,16.6193504758453,"Tymoshenko"
"338",2018-10-29,15.1288084839646,13.469578860164,16.5944001752913,"Tymoshenko"
"339",2018-10-30,15.1534477509938,13.4801143831146,16.7127145413551,"Tymoshenko"
"340",2018-10-31,15.1827561986837,13.4915171866823,16.7336247168508,"Tymoshenko"
"341",2018-11-01,15.2007285823669,13.4713971258795,16.7557821179348,"Tymoshenko"
"342",2018-11-02,15.2203898881053,13.4763739079384,16.7776562853529,"Tymoshenko"
"343",2018-11-03,15.240974554926,13.5260835256875,16.8355558120295,"Tymoshenko"
"344",2018-11-04,15.270357034385,13.5108657969357,16.8638055111467,"Tymoshenko"
"345",2018-11-05,15.3101065032968,13.5098760651968,16.8965883984676,"Tymoshenko"
"346",2018-11-06,15.3188797477146,13.4928517883219,16.8992017133604,"Tymoshenko"
"347",2018-11-07,15.33134621349,13.552114220822,16.9354724160331,"Tymoshenko"
"348",2018-11-08,15.3690419532818,13.5696917573201,16.9562770848919,"Tymoshenko"
"349",2018-11-09,15.3877396513426,13.5899091246981,16.9859104109831,"Tymoshenko"
"350",2018-11-10,15.4129740783066,13.6540962489962,17.0227450166721,"Tymoshenko"
"351",2018-11-11,15.4236720826577,13.6900459324794,17.0656503160216,"Tymoshenko"
"352",2018-11-12,15.4540764073435,13.7188793918666,17.0111761843125,"Tymoshenko"
"353",2018-11-13,15.4187768637627,13.6823136337589,17.0052297205349,"Tymoshenko"
"354",2018-11-14,15.4060664884129,13.6809309737755,16.9907964443479,"Tymoshenko"
"355",2018-11-15,15.3976924359513,13.6485718416325,16.9678585602253,"Tymoshenko"
"356",2018-11-16,15.3871406422725,13.6766417099225,16.9584634441239,"Tymoshenko"
"357",2018-11-17,15.3700626631751,13.6645185295924,16.9278996125726,"Tymoshenko"
"358",2018-11-18,15.3666765136621,13.6904960978177,16.9032638413614,"Tymoshenko"
"359",2018-11-19,15.3526057321802,13.7085263342629,16.8637694252733,"Tymoshenko"
"360",2018-11-20,15.3433158237952,13.7311506892237,16.8366546360543,"Tymoshenko"
"361",2018-11-21,15.3198688505436,13.693541125543,16.7759174430945,"Tymoshenko"
"362",2018-11-22,15.2885099168718,13.7011925411758,16.7211300833567,"Tymoshenko"
"363",2018-11-23,15.2614992071804,13.7163429811277,16.6831802934704,"Tymoshenko"
"364",2018-11-24,15.2093168976201,13.6719946159267,16.5809257120851,"Tymoshenko"
"365",2018-11-25,15.1695119428937,13.7253674874701,16.5388223667123,"Tymoshenko"
"366",2018-11-26,15.1471954597338,13.7104119384118,16.4952514700474,"Tymoshenko"
"367",2018-11-27,15.1176641401621,13.7702657946607,16.4160522152148,"Tymoshenko"
"368",2018-11-28,15.0808978097691,13.7585091069511,16.3400615533479,"Tymoshenko"
"369",2018-11-29,15.1147950894085,13.7614617508257,16.4116767565378,"Tymoshenko"
"370",2018-11-30,15.1498218142738,13.8217116771122,16.4800755612939,"Tymoshenko"
"371",2018-12-01,15.1772700167041,13.8029264930732,16.5225283017957,"Tymoshenko"
"372",2018-12-02,15.2257838629301,13.8506850896033,16.5687999089982,"Tymoshenko"
"373",2018-12-03,15.2565517594868,13.8699201410052,16.6633868309546,"Tymoshenko"
"374",2018-12-04,15.2795176834036,13.8773676346441,16.6724702075425,"Tymoshenko"
"375",2018-12-05,15.3167054351722,13.8977902408394,16.6757170868833,"Tymoshenko"
"376",2018-12-06,15.3448223581897,13.9171216260382,16.7063747984981,"Tymoshenko"
"377",2018-12-07,15.3357439555062,13.918757983932,16.7346217554063,"Tymoshenko"
"378",2018-12-08,15.3773443855345,13.9800872123039,16.7750182348452,"Tymoshenko"
"379",2018-12-09,15.4247539503133,14.0153987717654,16.8683027321243,"Tymoshenko"
"380",2018-12-10,15.4741410473003,14.0458907686644,16.9274458463002,"Tymoshenko"
"381",2018-12-11,15.51365930021,14.1003886521299,16.9750264765542,"Tymoshenko"
"382",2018-12-12,15.5692040672378,14.1260481815145,17.0051112179454,"Tymoshenko"
"383",2018-12-13,15.6134425528685,14.1901028926336,17.0687038395162,"Tymoshenko"
"384",2018-12-14,15.6144407088209,14.1546972382115,17.0850394871463,"Tymoshenko"
"385",2018-12-15,15.6280767364664,14.1084995508713,17.1278184939559,"Tymoshenko"
"386",2018-12-16,15.6359871503514,14.0838907196765,17.1370701526256,"Tymoshenko"
"387",2018-12-17,15.6480895491288,14.0617123243068,17.1426104136462,"Tymoshenko"
"388",2018-12-18,15.6497728059002,14.0830964192295,17.167098982401,"Tymoshenko"
"389",2018-12-19,15.6690861460609,14.0784218021794,17.1353989321491,"Tymoshenko"
"390",2018-12-20,15.6718524263496,14.0404444398515,17.2127767311403,"Tymoshenko"
"391",2018-12-21,15.679533312701,14.0175302394864,17.293669165407,"Tymoshenko"
"392",2018-12-22,15.6850463210221,14.0169137059997,17.3591539253844,"Tymoshenko"
"393",2018-12-23,15.6881814631876,13.9820449966138,17.379851362943,"Tymoshenko"
"394",2018-12-24,15.6861260467434,13.9136408156997,17.4026956490584,"Tymoshenko"
"395",2018-12-25,15.7031227002247,13.8884205069521,17.4697307922672,"Tymoshenko"
"396",2018-12-26,15.7236117742921,13.8915200182511,17.544880238535,"Tymoshenko"
"397",2018-12-27,15.7181544930998,13.8793425285401,17.5639222988049,"Tymoshenko"
"398",2018-12-28,15.7349115585775,13.8236986728262,17.6338862506359,"Tymoshenko"
"399",2018-12-29,15.7314128856911,13.7806742923478,17.6601633782747,"Tymoshenko"
"400",2018-12-30,15.7334170529987,13.7557266222131,17.7558998349548,"Tymoshenko"
"401",2018-12-31,15.7314313837811,13.6950313491733,17.8310437853048,"Tymoshenko"
"402",2019-01-01,15.728713747742,13.6632041142853,17.9031278841471,"Tymoshenko"
"403",2019-01-02,15.7348077842424,13.6263490974485,18.0052349379143,"Tymoshenko"
"404",2019-01-03,15.7430256461671,13.5217551773525,18.0053591564661,"Tymoshenko"
"405",2019-01-04,15.7275064264952,13.4813140876269,18.0087433579831,"Tymoshenko"
"406",2019-01-05,15.7321384855256,13.4124935056431,18.0600191832134,"Tymoshenko"
"407",2019-01-06,15.7325655728547,13.332621789045,18.141936572043,"Tymoshenko"
"408",2019-01-07,15.7214017359784,13.3359953120949,18.1877604406578,"Tymoshenko"
"409",2019-01-08,15.714990846492,13.2879610306739,18.1756649888338,"Tymoshenko"
"410",2019-01-09,15.7301551989418,13.2635467363974,18.2339982052766,"Tymoshenko"
"411",2019-01-10,15.7339239669207,13.190558825617,18.2798519652896,"Tymoshenko"
"412",2019-01-11,15.7257040040867,13.1154530859107,18.3863862354922,"Tymoshenko"
"413",2019-01-12,15.7427570203016,13.0927465245121,18.472805661078,"Tymoshenko"
"414",2019-01-13,15.7290044486916,13.0990668762769,18.5542942355283,"Tymoshenko"
"415",2017-11-26,10.4172759387518,9.01025208128255,11.7375559674745,"Poroshenko"
"416",2017-11-27,10.4474950191714,8.97080893059036,11.7302738975788,"Poroshenko"
"417",2017-11-28,10.4678581396993,8.93624536626252,11.7664110221132,"Poroshenko"
"418",2017-11-29,10.4818164025123,8.91115283207031,11.8446131601394,"Poroshenko"
"419",2017-11-30,10.5062760699617,8.92560988354404,11.9280544307726,"Poroshenko"
"420",2017-12-01,10.5278050180564,8.92058100672065,11.9730253048297,"Poroshenko"
"421",2017-12-02,10.5615026042838,8.92935162568998,12.0012145555597,"Poroshenko"
"422",2017-12-03,10.5877778979961,8.93412096908237,12.0147859473161,"Poroshenko"
"423",2017-12-04,10.6012308682867,8.94760012233178,12.0188148745889,"Poroshenko"
"424",2017-12-05,10.613274155256,9.04542391373417,12.0935308429652,"Poroshenko"
"425",2017-12-06,10.6418397524668,9.01872859144908,12.0611868929257,"Poroshenko"
"426",2017-12-07,10.6558680363986,9.0571328018558,12.0607825718352,"Poroshenko"
"427",2017-12-08,10.6843005878077,9.09705258271862,12.088756152852,"Poroshenko"
"428",2017-12-09,10.7605071189692,9.17572285715304,12.140769576235,"Poroshenko"
"429",2017-12-10,10.820798864309,9.27262902968737,12.2077318135312,"Poroshenko"
"430",2017-12-11,10.893954121964,9.35365177669202,12.2705174735073,"Poroshenko"
"431",2017-12-12,10.9590197055362,9.38980360643982,12.3289478616641,"Poroshenko"
"432",2017-12-13,11.0224707283952,9.49081014228805,12.3811018097203,"Poroshenko"
"433",2017-12-14,11.0853037406379,9.5323826042374,12.399234003015,"Poroshenko"
"434",2017-12-15,11.1667434726915,9.59660137184139,12.4493821504123,"Poroshenko"
"435",2017-12-16,11.2300282819429,9.68506721509938,12.4767933530478,"Poroshenko"
"436",2017-12-17,11.3075772332795,9.77924146837175,12.492656355894,"Poroshenko"
"437",2017-12-18,11.4167377831238,9.83317261063615,12.5765871586848,"Poroshenko"
"438",2017-12-19,11.5160587211783,9.98008686709441,12.670206861419,"Poroshenko"
"439",2017-12-20,11.6342277539816,10.0294779909179,12.7274000070404,"Poroshenko"
"440",2017-12-21,11.5939564379573,9.90157637905583,12.7781120121789,"Poroshenko"
"441",2017-12-22,11.5356778482664,9.84100120949862,12.7992133746148,"Poroshenko"
"442",2017-12-23,11.4761682802674,9.76464896941593,12.7976699004777,"Poroshenko"
"443",2017-12-24,11.4267809268439,9.7059778437801,12.8105517709666,"Poroshenko"
"444",2017-12-25,11.3794512771714,9.61336203682646,12.814844944358,"Poroshenko"
"445",2017-12-26,11.3394063491975,9.59633210769169,12.8168114648835,"Poroshenko"
"446",2017-12-27,11.2765795399983,9.47945312033212,12.8277522948785,"Poroshenko"
"447",2017-12-28,11.2201192337935,9.45571303001442,12.8307165288842,"Poroshenko"
"448",2017-12-29,11.1725035112949,9.33740642854221,12.7663124835867,"Poroshenko"
"449",2017-12-30,11.1222317778105,9.26846786029341,12.7744918732909,"Poroshenko"
"450",2017-12-31,11.075357574293,9.21479461542062,12.7515584082643,"Poroshenko"
"451",2018-01-01,11.0141586934725,9.12293639340195,12.6980236904794,"Poroshenko"
"452",2018-01-02,10.9669736322995,9.0627290870087,12.6689671040434,"Poroshenko"
"453",2018-01-03,10.924140099829,8.9923818117521,12.7208431233859,"Poroshenko"
"454",2018-01-04,10.8778202171166,8.93789464367372,12.6856983005503,"Poroshenko"
"455",2018-01-05,10.8159817852599,8.96825027144491,12.6633814090786,"Poroshenko"
"456",2018-01-06,10.7709149307653,8.84178037057098,12.6272788292329,"Poroshenko"
"457",2018-01-07,10.7163100493587,8.79395869687189,12.6056588925344,"Poroshenko"
"458",2018-01-08,10.6644582080251,8.70207532651524,12.5544941383266,"Poroshenko"
"459",2018-01-09,10.6091598390818,8.63062295859521,12.5496165089749,"Poroshenko"
"460",2018-01-10,10.5516799223579,8.56840309935361,12.5807067633168,"Poroshenko"
"461",2018-01-11,10.5083624658243,8.48903334766222,12.4961371564595,"Poroshenko"
"462",2018-01-12,10.4630267268547,8.37898668702648,12.5048717975531,"Poroshenko"
"463",2018-01-13,10.4000483521107,8.32597172813427,12.4902270143856,"Poroshenko"
"464",2018-01-14,10.3572961692033,8.31508149117714,12.490584830372,"Poroshenko"
"465",2018-01-15,10.3142072056874,8.27133134259377,12.4125978008999,"Poroshenko"
"466",2018-01-16,10.2592842855961,8.20806410842583,12.3968792832198,"Poroshenko"
"467",2018-01-17,10.2198312287439,8.14298524986228,12.3842256533646,"Poroshenko"
"468",2018-01-18,10.1631941107978,8.08783384592459,12.3459197353154,"Poroshenko"
"469",2018-01-19,10.0992285696633,8.08951537678456,12.3073213067441,"Poroshenko"
"470",2018-01-20,10.063132132269,7.95581732704318,12.2336165002486,"Poroshenko"
"471",2018-01-21,10.0315283417727,7.88905897472809,12.1972776221742,"Poroshenko"
"472",2018-01-22,9.9785856600739,7.88517998195157,12.1977474554133,"Poroshenko"
"473",2018-01-23,9.92960625487623,7.88566213512499,12.1431316330478,"Poroshenko"
"474",2018-01-24,9.88244867260261,7.75694411389056,12.1314620039681,"Poroshenko"
"475",2018-01-25,9.84320203110184,7.74281257354626,12.0736676403914,"Poroshenko"
"476",2018-01-26,9.80162777118313,7.74194395100442,11.9652386551318,"Poroshenko"
"477",2018-01-27,9.75731129690866,7.67980357562071,11.9238522704413,"Poroshenko"
"478",2018-01-28,9.6873860102455,7.64185349883607,11.886508541228,"Poroshenko"
"479",2018-01-29,9.65978370153776,7.55070619614027,11.7854286571706,"Poroshenko"
"480",2018-01-30,9.60898731463487,7.50437900391489,11.7176840502295,"Poroshenko"
"481",2018-01-31,9.54439049547373,7.47246673469008,11.6555621276416,"Poroshenko"
"482",2018-02-01,9.47952778070936,7.47855998134682,11.6543423169702,"Poroshenko"
"483",2018-02-02,9.43184391263371,7.44636510644161,11.6030090241028,"Poroshenko"
"484",2018-02-03,9.37899905572698,7.40277515658798,11.5473220440589,"Poroshenko"
"485",2018-02-04,9.3284673692786,7.36231018650908,11.481020463447,"Poroshenko"
"486",2018-02-05,9.28191172833026,7.33336845704352,11.4549208269289,"Poroshenko"
"487",2018-02-06,9.22624574885352,7.32386858965983,11.3664648197649,"Poroshenko"
"488",2018-02-07,9.17280518282869,7.29294613403428,11.29323606476,"Poroshenko"
"489",2018-02-08,9.13976676868922,7.26145692780749,11.2111369877392,"Poroshenko"
"490",2018-02-09,9.06756724595168,7.23887301327684,11.1360759297788,"Poroshenko"
"491",2018-02-10,9.01486342166742,7.20801018405055,11.0732731312954,"Poroshenko"
"492",2018-02-11,8.96033529175633,7.14883071977823,11.020343370622,"Poroshenko"
"493",2018-02-12,8.90938390891148,7.13514353740667,10.8860628853959,"Poroshenko"
"494",2018-02-13,8.85158664830725,7.12232467044227,10.8713089491986,"Poroshenko"
"495",2018-02-14,8.88347568333603,7.10115813906654,10.8603361355402,"Poroshenko"
"496",2018-02-15,8.91811624592469,7.14028724583295,10.9296696431154,"Poroshenko"
"497",2018-02-16,8.94797949529192,7.15033616882763,10.9013861226056,"Poroshenko"
"498",2018-02-17,8.97387372013287,7.09507405490981,10.9481649798849,"Poroshenko"
"499",2018-02-18,8.99845999626812,7.13548550871558,10.9992743080697,"Poroshenko"
"500",2018-02-19,9.02968466715606,7.18618647522471,11.0532637352396,"Poroshenko"
"501",2018-02-20,9.04735578287427,7.20473240302203,11.06450853707,"Poroshenko"
"502",2018-02-21,9.07990938658479,7.25032581727022,11.1202298300489,"Poroshenko"
"503",2018-02-22,9.11526545382027,7.27024581130243,11.1553596352295,"Poroshenko"
"504",2018-02-23,9.14063306567336,7.28628411640002,11.1308840934958,"Poroshenko"
"505",2018-02-24,9.15126976720236,7.33927450288147,11.1342856040281,"Poroshenko"
"506",2018-02-25,9.18154922709557,7.37507307510341,11.161838840958,"Poroshenko"
"507",2018-02-26,9.18928981907051,7.4043099571066,11.143101913639,"Poroshenko"
"508",2018-02-27,9.21114821352222,7.44436121149654,11.1188789411283,"Poroshenko"
"509",2018-02-28,9.22829313893751,7.51520022670884,11.174179611807,"Poroshenko"
"510",2018-03-01,9.27704461337212,7.53398736415659,11.131064186721,"Poroshenko"
"511",2018-03-02,9.29861901705402,7.62353964390021,11.1508712311586,"Poroshenko"
"512",2018-03-03,9.33882428987084,7.66045401748366,11.135024349715,"Poroshenko"
"513",2018-03-04,9.35880779499199,7.68022331338372,11.1544448696556,"Poroshenko"
"514",2018-03-05,9.39729027722398,7.77690474062504,11.1503706865904,"Poroshenko"
"515",2018-03-06,9.42700306217086,7.82047381058142,11.1637891620267,"Poroshenko"
"516",2018-03-07,9.46125081345175,7.86203498492818,11.1821855157079,"Poroshenko"
"517",2018-03-08,9.48092891902257,7.92614462604239,11.1638834998976,"Poroshenko"
"518",2018-03-09,9.51393341605735,7.99669530067089,11.1741520619289,"Poroshenko"
"519",2018-03-10,9.54570515212344,8.05493817205546,11.083015757432,"Poroshenko"
"520",2018-03-11,9.57153559152564,8.11879080222857,11.0682611000753,"Poroshenko"
"521",2018-03-12,9.6035891542606,8.24678635249428,11.0462911310442,"Poroshenko"
"522",2018-03-13,9.61425748472255,8.23560619072989,10.9963309471398,"Poroshenko"
"523",2018-03-14,9.58582788205075,8.18021439135899,10.9808184214343,"Poroshenko"
"524",2018-03-15,9.56873606570386,8.13004975382942,10.982024216733,"Poroshenko"
"525",2018-03-16,9.53398436642223,8.03624579698402,10.97228597044,"Poroshenko"
"526",2018-03-17,9.52863019390775,8.01907502317683,10.9658552799547,"Poroshenko"
"527",2018-03-18,9.484774681337,7.99874539238453,10.9685312349401,"Poroshenko"
"528",2018-03-19,9.44756379460475,7.97949774259016,10.9611250366268,"Poroshenko"
"529",2018-03-20,9.41816449584931,7.95227190632753,10.9205427267397,"Poroshenko"
"530",2018-03-21,9.39499765077862,7.96902338446918,10.8823132842172,"Poroshenko"
"531",2018-03-22,9.3848437043718,7.93767920821422,10.8135225783112,"Poroshenko"
"532",2018-03-23,9.35186806261233,7.89856335697923,10.8119495011174,"Poroshenko"
"533",2018-03-24,9.31191823879317,7.88432379208702,10.7486445063616,"Poroshenko"
"534",2018-03-25,9.28982851020171,7.88255251669321,10.7095680470155,"Poroshenko"
"535",2018-03-26,9.24302685292501,7.77066303954373,10.7000222664823,"Poroshenko"
"536",2018-03-27,9.2077994614932,7.74798267922036,10.6707660455413,"Poroshenko"
"537",2018-03-28,9.17013470521673,7.64508647744324,10.6350214329796,"Poroshenko"
"538",2018-03-29,9.12011750340951,7.61564368751829,10.640838232346,"Poroshenko"
"539",2018-03-30,9.08300919707219,7.53856651102658,10.6162763899102,"Poroshenko"
"540",2018-03-31,9.02753336341273,7.46215302742689,10.5750220199666,"Poroshenko"
"541",2018-04-01,8.97468121293767,7.41359832470304,10.5265800120544,"Poroshenko"
"542",2018-04-02,8.93769806916848,7.38757120480362,10.4516373247688,"Poroshenko"
"543",2018-04-03,8.88324596074635,7.35979511334053,10.4271080565026,"Poroshenko"
"544",2018-04-04,8.84465789725806,7.35879124429474,10.3910899665687,"Poroshenko"
"545",2018-04-05,8.81446851016171,7.29693249756106,10.3179477187036,"Poroshenko"
"546",2018-04-06,8.76959037671788,7.30845629716887,10.2724382259888,"Poroshenko"
"547",2018-04-07,8.73782737056264,7.26138604092816,10.2040503396678,"Poroshenko"
"548",2018-04-08,8.69074112935672,7.26044722235768,10.1602517099727,"Poroshenko"
"549",2018-04-09,8.64351969020512,7.24930916177262,10.1130418578295,"Poroshenko"
"550",2018-04-10,8.63038081480914,7.23047947000366,10.0219585266863,"Poroshenko"
"551",2018-04-11,8.57254181261296,7.1945775258301,9.94248149173164,"Poroshenko"
"552",2018-04-12,8.53776873524707,7.20429272610166,9.87783309165506,"Poroshenko"
"553",2018-04-13,8.52011089228438,7.2151709819919,9.83793658454677,"Poroshenko"
"554",2018-04-14,8.50546296108339,7.19814861002248,9.79767121568535,"Poroshenko"
"555",2018-04-15,8.48690373409901,7.23055522344781,9.76421506469907,"Poroshenko"
"556",2018-04-16,8.46322072977239,7.26693932135158,9.71532878633152,"Poroshenko"
"557",2018-04-17,8.50898420093205,7.27312271382285,9.77509015149579,"Poroshenko"
"558",2018-04-18,8.55572282306165,7.33608950229401,9.85321578384256,"Poroshenko"
"559",2018-04-19,8.6150420414882,7.36809924954098,9.89463926780734,"Poroshenko"
"560",2018-04-20,8.67081698852779,7.44918763602886,9.93431204633701,"Poroshenko"
"561",2018-04-21,8.73890229979064,7.53660735305308,9.99693237224204,"Poroshenko"
"562",2018-04-22,8.7864794584432,7.60424937276295,10.0102916457302,"Poroshenko"
"563",2018-04-23,8.81815897860392,7.61798624395015,10.0539629427513,"Poroshenko"
"564",2018-04-24,8.84932040784223,7.64459317414789,10.0872452147888,"Poroshenko"
"565",2018-04-25,8.89430367899003,7.66021973669076,10.1356888096273,"Poroshenko"
"566",2018-04-26,8.90309939622838,7.6159547759294,10.1946798466472,"Poroshenko"
"567",2018-04-27,8.90213103114975,7.58373342566981,10.1907108101903,"Poroshenko"
"568",2018-04-28,8.90300369506319,7.58078289071076,10.2112045840453,"Poroshenko"
"569",2018-04-29,8.91669324260353,7.57653583061941,10.2842747472743,"Poroshenko"
"570",2018-04-30,8.92111471570799,7.56252661335148,10.2846000389054,"Poroshenko"
"571",2018-05-01,8.92885184353155,7.55347657271014,10.312530488903,"Poroshenko"
"572",2018-05-02,8.93987346875106,7.53666967898422,10.320037677333,"Poroshenko"
"573",2018-05-03,8.94893085587376,7.51459349013491,10.3168089567393,"Poroshenko"
"574",2018-05-04,8.95922370973302,7.47820081170454,10.3239302703787,"Poroshenko"
"575",2018-05-05,8.96458582822472,7.53628177103062,10.3200255774571,"Poroshenko"
"576",2018-05-06,8.95956516059994,7.5466065801905,10.3306310334603,"Poroshenko"
"577",2018-05-07,8.97535024923122,7.524487015917,10.3363307649593,"Poroshenko"
"578",2018-05-08,8.98516047871061,7.54622538306972,10.3433470027123,"Poroshenko"
"579",2018-05-09,8.99530880543577,7.57961105716707,10.3384112411311,"Poroshenko"
"580",2018-05-10,8.97454607939171,7.567013487879,10.3225085964984,"Poroshenko"
"581",2018-05-11,8.94217748810315,7.50690100546518,10.2854912715102,"Poroshenko"
"582",2018-05-12,8.90505779538005,7.48145088829767,10.306531257983,"Poroshenko"
"583",2018-05-13,8.87114922638329,7.45464978024056,10.2740244552927,"Poroshenko"
"584",2018-05-14,8.8462589510092,7.41283915374184,10.2329150634427,"Poroshenko"
"585",2018-05-15,8.82777507996209,7.38341639818876,10.1923655452832,"Poroshenko"
"586",2018-05-16,8.77415572585836,7.38037876429115,10.1372162918931,"Poroshenko"
"587",2018-05-17,8.74880727276903,7.37985160590438,10.0876369560394,"Poroshenko"
"588",2018-05-18,8.6604270520169,7.29008222111468,10.0058791331433,"Poroshenko"
"589",2018-05-19,8.598158162667,7.19750096771694,9.9837434956507,"Poroshenko"
"590",2018-05-20,8.51569575215885,7.12860626017084,9.89543955689466,"Poroshenko"
"591",2018-05-21,8.43559291945921,7.02470786007038,9.80290450198291,"Poroshenko"
"592",2018-05-22,8.36835645336192,6.95225338906881,9.70473217331966,"Poroshenko"
"593",2018-05-23,8.31679582181091,6.86057878738357,9.68795903134198,"Poroshenko"
"594",2018-05-24,8.26397820298652,6.78202971299651,9.69083935094185,"Poroshenko"
"595",2018-05-25,8.20202979225611,6.68607680941917,9.65610208867834,"Poroshenko"
"596",2018-05-26,8.15751104441956,6.60105527857017,9.63253928496201,"Poroshenko"
"597",2018-05-27,8.10689096001805,6.55083392746889,9.57980245294909,"Poroshenko"
"598",2018-05-28,8.07177605694014,6.45916911502342,9.59843255681193,"Poroshenko"
"599",2018-05-29,8.00430372818963,6.41048625561432,9.54648787462951,"Poroshenko"
"600",2018-05-30,7.95485125780206,6.34288643597871,9.52794325601656,"Poroshenko"
"601",2018-05-31,7.91611698187508,6.25473378899595,9.53287125867614,"Poroshenko"
"602",2018-06-01,7.87011569289746,6.22217870182249,9.49097511671222,"Poroshenko"
"603",2018-06-02,7.8170871733887,6.19196392677006,9.42661984243956,"Poroshenko"
"604",2018-06-03,7.78613662601344,6.09971575605408,9.35652809146475,"Poroshenko"
"605",2018-06-04,7.73642959153485,6.07424910234232,9.30817697748929,"Poroshenko"
"606",2018-06-05,7.68397071516785,6.07649468436507,9.25294468432328,"Poroshenko"
"607",2018-06-06,7.64123756470908,6.01064650603977,9.16587340923529,"Poroshenko"
"608",2018-06-07,7.57431994845182,6.03036630676242,9.13442662219149,"Poroshenko"
"609",2018-06-08,7.53407046416285,5.99486321274748,9.08101184545147,"Poroshenko"
"610",2018-06-09,7.48416714723769,5.97991360205486,9.02347401089892,"Poroshenko"
"611",2018-06-10,7.4357669539991,5.95721182672122,8.9164962622199,"Poroshenko"
"612",2018-06-11,7.39873741659427,5.94207417300906,8.86948470184178,"Poroshenko"
"613",2018-06-12,7.35652774344722,5.93606239466956,8.78793418599882,"Poroshenko"
"614",2018-06-13,7.310179931878,5.96535091507843,8.70401742644612,"Poroshenko"
"615",2018-06-14,7.26022862265206,5.95003799914094,8.63086871340502,"Poroshenko"
"616",2018-06-15,7.24355670070304,5.96742216629739,8.61338535342071,"Poroshenko"
"617",2018-06-16,7.24867519196609,5.95767239099776,8.59006372070359,"Poroshenko"
"618",2018-06-17,7.25304155118782,5.98852881276397,8.57698903258651,"Poroshenko"
"619",2018-06-18,7.26660582221547,6.03176468091459,8.51249934800606,"Poroshenko"
"620",2018-06-19,7.2707049880021,6.09446130351666,8.50818193912673,"Poroshenko"
"621",2018-06-20,7.27758176178478,6.07502445030716,8.53932063515567,"Poroshenko"
"622",2018-06-21,7.29222035482964,6.10760414097697,8.52375696035348,"Poroshenko"
"623",2018-06-22,7.29411236614049,6.10650927228279,8.51748823776307,"Poroshenko"
"624",2018-06-23,7.31236566739698,6.1066188796468,8.50662928631193,"Poroshenko"
"625",2018-06-24,7.32110054861532,6.1235307251515,8.50001094997096,"Poroshenko"
"626",2018-06-25,7.25085885715835,6.07689537751402,8.46251741872948,"Poroshenko"
"627",2018-06-26,7.1897984392958,6.03524084852818,8.41073059796687,"Poroshenko"
"628",2018-06-27,7.13107861818786,5.97867457551384,8.3332372751092,"Poroshenko"
"629",2018-06-28,7.06125167466991,5.89991099497176,8.22187878369285,"Poroshenko"
"630",2018-06-29,7.0283605832934,5.85554802000526,8.26887980026141,"Poroshenko"
"631",2018-06-30,6.99870014324265,5.80864750304759,8.28705410651036,"Poroshenko"
"632",2018-07-01,6.98449115338879,5.76810259027754,8.25689853009598,"Poroshenko"
"633",2018-07-02,6.9618428178501,5.7640414166723,8.26311783001535,"Poroshenko"
"634",2018-07-03,6.9360081340516,5.71215602547883,8.19292561221345,"Poroshenko"
"635",2018-07-04,6.90393887761272,5.68846936595154,8.15389118715349,"Poroshenko"
"636",2018-07-05,6.91136098757604,5.6498213477508,8.22157831134339,"Poroshenko"
"637",2018-07-06,6.92196717425604,5.61693522140888,8.27029142086377,"Poroshenko"
"638",2018-07-07,6.93220634453147,5.58058568594634,8.30324913385144,"Poroshenko"
"639",2018-07-08,6.91650183580742,5.56124279911301,8.33124290649087,"Poroshenko"
"640",2018-07-09,6.92896537066296,5.58444925526266,8.36178653977777,"Poroshenko"
"641",2018-07-10,6.9364213871979,5.56977666287011,8.35873243681272,"Poroshenko"
"642",2018-07-11,6.93833287057287,5.55323163928716,8.38308859094311,"Poroshenko"
"643",2018-07-12,6.93962698928667,5.5653035331949,8.4526630384839,"Poroshenko"
"644",2018-07-13,6.95462598920293,5.59948284507359,8.41447160745537,"Poroshenko"
"645",2018-07-14,6.96673893621931,5.61099226060271,8.40676134266272,"Poroshenko"
"646",2018-07-15,6.97850133387222,5.61502018892893,8.40192002458405,"Poroshenko"
"647",2018-07-16,6.96145680948843,5.6279300969377,8.43571280794432,"Poroshenko"
"648",2018-07-17,6.96198416518173,5.61193714625088,8.47509907115235,"Poroshenko"
"649",2018-07-18,6.97502880723205,5.65390816389952,8.46355901010667,"Poroshenko"
"650",2018-07-19,6.98745409066736,5.6699050211927,8.37985876097439,"Poroshenko"
"651",2018-07-20,6.98985145910139,5.67964431197989,8.41180047644045,"Poroshenko"
"652",2018-07-21,7.00378577029611,5.73776051706535,8.33591354859233,"Poroshenko"
"653",2018-07-22,7.00358583402237,5.76847752464689,8.33194194996789,"Poroshenko"
"654",2018-07-23,7.03125582458448,5.83517869646113,8.36572279123681,"Poroshenko"
"655",2018-07-24,7.09070460360955,5.88485603632515,8.41909247476808,"Poroshenko"
"656",2018-07-25,7.12090633139465,5.90651166022783,8.47366379162191,"Poroshenko"
"657",2018-07-26,7.16212985109686,5.96182612916476,8.4683606435176,"Poroshenko"
"658",2018-07-27,7.19472622057977,6.02363094778361,8.50116383445423,"Poroshenko"
"659",2018-07-28,7.25420975477889,6.06916500926933,8.55820006327581,"Poroshenko"
"660",2018-07-29,7.2793310956876,6.04583542987164,8.65930130546499,"Poroshenko"
"661",2018-07-30,7.29019784994893,5.97142917496558,8.71495002176959,"Poroshenko"
"662",2018-07-31,7.32035672543125,5.96638094017958,8.77027673879025,"Poroshenko"
"663",2018-08-01,7.34432256045099,5.93648765357406,8.80938523410734,"Poroshenko"
"664",2018-08-02,7.37470485762389,5.91301581091476,8.8767877400591,"Poroshenko"
"665",2018-08-03,7.40238366012879,5.88505767324428,8.92419069730944,"Poroshenko"
"666",2018-08-04,7.42269931904051,5.85656700410043,8.95301090371157,"Poroshenko"
"667",2018-08-05,7.42593622174158,5.84957989654163,9.06142912719071,"Poroshenko"
"668",2018-08-06,7.46378977998842,5.84272149290607,9.08761030387379,"Poroshenko"
"669",2018-08-07,7.49040189945995,5.85337910045233,9.08290178141233,"Poroshenko"
"670",2018-08-08,7.50465186709253,5.87636293209056,9.13026317392391,"Poroshenko"
"671",2018-08-09,7.52572651233351,5.89019248993645,9.14950257271579,"Poroshenko"
"672",2018-08-10,7.53171248775766,5.85364052576455,9.16786338533774,"Poroshenko"
"673",2018-08-11,7.56514787526063,5.89375884357725,9.14717505143659,"Poroshenko"
"674",2018-08-12,7.5835025480017,5.98780882218705,9.16146299536767,"Poroshenko"
"675",2018-08-13,7.59103579979564,5.98641017456244,9.21184107192179,"Poroshenko"
"676",2018-08-14,7.62375524841363,5.99065273626719,9.19097327107644,"Poroshenko"
"677",2018-08-15,7.64906506513666,6.01981553074393,9.21529694759059,"Poroshenko"
"678",2018-08-16,7.65961420969706,6.05297524023331,9.19998100186466,"Poroshenko"
"679",2018-08-17,7.67827064897381,6.10304305824509,9.1812661980451,"Poroshenko"
"680",2018-08-18,7.69469716904635,6.14526853797321,9.19146027686503,"Poroshenko"
"681",2018-08-19,7.7225362163561,6.21555542803114,9.20102534516095,"Poroshenko"
"682",2018-08-20,7.7288079968726,6.2604303657237,9.21797083445745,"Poroshenko"
"683",2018-08-21,7.76898989963444,6.28065523328111,9.25634462331534,"Poroshenko"
"684",2018-08-22,7.78009086396153,6.26373887351185,9.26234930828015,"Poroshenko"
"685",2018-08-23,7.79574328902925,6.27569039434554,9.27350628426427,"Poroshenko"
"686",2018-08-24,7.80862658023728,6.27670571716835,9.30637932607773,"Poroshenko"
"687",2018-08-25,7.83046110026332,6.33468670454291,9.28089436349529,"Poroshenko"
"688",2018-08-26,7.83606380383191,6.34909402738155,9.33569856894248,"Poroshenko"
"689",2018-08-27,7.85441126830798,6.36148247881648,9.3430176916237,"Poroshenko"
"690",2018-08-28,7.88212995230674,6.42814781523187,9.29490731072605,"Poroshenko"
"691",2018-08-29,7.90043047786929,6.49891913290801,9.28061704360673,"Poroshenko"
"692",2018-08-30,7.91487970414939,6.55503450776566,9.27116978940209,"Poroshenko"
"693",2018-08-31,7.92328825822012,6.58478479407128,9.23547470794781,"Poroshenko"
"694",2018-09-01,7.94344301540039,6.63714514155097,9.22474772164498,"Poroshenko"
"695",2018-09-02,7.97203026654377,6.70105185702455,9.20410770771175,"Poroshenko"
"696",2018-09-03,7.98932277735571,6.76016374672683,9.1756667363779,"Poroshenko"
"697",2018-09-04,8.01212984015935,6.77138546555146,9.19233196593937,"Poroshenko"
"698",2018-09-05,8.02276443752969,6.78097621143365,9.209200399982,"Poroshenko"
"699",2018-09-06,8.03973167031302,6.78552468588858,9.2608915726197,"Poroshenko"
"700",2018-09-07,8.05530651197277,6.77601098554237,9.31302274513541,"Poroshenko"
"701",2018-09-08,8.06669267217707,6.79023517166509,9.33550135729747,"Poroshenko"
"702",2018-09-09,8.0883768866129,6.78279648546411,9.35195232621022,"Poroshenko"
"703",2018-09-10,8.10305139599864,6.82308980219594,9.37639415837192,"Poroshenko"
"704",2018-09-11,8.12563304000449,6.82242333798517,9.39514605730826,"Poroshenko"
"705",2018-09-12,8.13557655174566,6.90942836662262,9.36974329208081,"Poroshenko"
"706",2018-09-13,8.16185132341125,6.96045904347045,9.38410572128087,"Poroshenko"
"707",2018-09-14,8.17096192972122,7.05845260094519,9.35043318303182,"Poroshenko"
"708",2018-09-15,8.1964031716091,7.08672648291377,9.3804435437411,"Poroshenko"
"709",2018-09-16,8.22746040137096,7.04682324022958,9.43962202752975,"Poroshenko"
"710",2018-09-17,8.2737008381161,7.04268657500656,9.50411457548438,"Poroshenko"
"711",2018-09-18,8.29773459914563,7.04692185010237,9.60239256749361,"Poroshenko"
"712",2018-09-19,8.34885893864584,7.06113384249159,9.66950640549735,"Poroshenko"
"713",2018-09-20,8.37469095566706,7.08181352747847,9.71186471208914,"Poroshenko"
"714",2018-09-21,8.43226105045946,7.11259461530653,9.76955796389548,"Poroshenko"
"715",2018-09-22,8.4691265139386,7.10512058758453,9.82621709548643,"Poroshenko"
"716",2018-09-23,8.49696468802156,7.12523794107814,9.8706102970247,"Poroshenko"
"717",2018-09-24,8.53127856332844,7.17074935747195,9.90189246261786,"Poroshenko"
"718",2018-09-25,8.58483235868771,7.24542490633622,9.89235419608831,"Poroshenko"
"719",2018-09-26,8.61837227720368,7.28266213323224,9.92774811693972,"Poroshenko"
"720",2018-09-27,8.66110595352052,7.3480907510624,9.94359899391914,"Poroshenko"
"721",2018-09-28,8.6904713460789,7.45269036771034,9.98480203189316,"Poroshenko"
"722",2018-09-29,8.73091649480973,7.56184571024697,9.9529759440549,"Poroshenko"
"723",2018-09-30,8.77780259420865,7.62484379884984,9.92707750556039,"Poroshenko"
"724",2018-10-01,8.81108505058688,7.76045318093469,9.84333369728962,"Poroshenko"
"725",2018-10-02,8.76361774990119,7.73847826997072,9.81996193978452,"Poroshenko"
"726",2018-10-03,8.73965984745889,7.70151268209375,9.8024846138166,"Poroshenko"
"727",2018-10-04,8.71578702519846,7.64260192435799,9.80014024400932,"Poroshenko"
"728",2018-10-05,8.68784549173628,7.67650809833411,9.7895455276783,"Poroshenko"
"729",2018-10-06,8.66612188729961,7.67366399591327,9.76873974530914,"Poroshenko"
"730",2018-10-07,8.62872201168965,7.70198790663269,9.72690129509208,"Poroshenko"
"731",2018-10-08,8.64632829918735,7.62462210127641,9.79852981952199,"Poroshenko"
"732",2018-10-09,8.65177054789485,7.56890808631122,9.82451859369584,"Poroshenko"
"733",2018-10-10,8.64117770840276,7.50992735689336,9.86630916481857,"Poroshenko"
"734",2018-10-11,8.64894401231502,7.43247457036462,9.94652908387025,"Poroshenko"
"735",2018-10-12,8.65538773692652,7.39260792540445,9.95006400415039,"Poroshenko"
"736",2018-10-13,8.64215155256048,7.36411125919438,9.95003721688937,"Poroshenko"
"737",2018-10-14,8.64347664892975,7.35337835201081,9.94976276902199,"Poroshenko"
"738",2018-10-15,8.65519815547608,7.33793963411044,9.91966598520926,"Poroshenko"
"739",2018-10-16,8.6526817594306,7.35585629870051,9.92635785135521,"Poroshenko"
"740",2018-10-17,8.64775974595294,7.34845614867277,9.89083093540001,"Poroshenko"
"741",2018-10-18,8.65895919475974,7.35787162543946,9.87677354046274,"Poroshenko"
"742",2018-10-19,8.6582045608063,7.36537036239825,9.89191011507653,"Poroshenko"
"743",2018-10-20,8.65468705138572,7.4151201084031,9.87724714112533,"Poroshenko"
"744",2018-10-21,8.65804639141342,7.46260933996885,9.86987756733004,"Poroshenko"
"745",2018-10-22,8.60233002882742,7.42556180427484,9.81639782326223,"Poroshenko"
"746",2018-10-23,8.55732850579483,7.40577042362414,9.76471347218586,"Poroshenko"
"747",2018-10-24,8.5239222694919,7.37499599034791,9.72834993228431,"Poroshenko"
"748",2018-10-25,8.48899137390046,7.39121439394455,9.66587331884296,"Poroshenko"
"749",2018-10-26,8.44863278807219,7.39598336968034,9.57220013475926,"Poroshenko"
"750",2018-10-27,8.45476800728917,7.34770691704746,9.58312143452997,"Poroshenko"
"751",2018-10-28,8.43965415958187,7.37493249004971,9.60134479681393,"Poroshenko"
"752",2018-10-29,8.43774001762847,7.28610670783606,9.67639881855742,"Poroshenko"
"753",2018-10-30,8.4564064401759,7.24807928196824,9.7614294966964,"Poroshenko"
"754",2018-10-31,8.43949068496041,7.22610330820178,9.80341738945702,"Poroshenko"
"755",2018-11-01,8.43420071977855,7.19831322255998,9.80786330085304,"Poroshenko"
"756",2018-11-02,8.41780207819442,7.16064282192949,9.84783450391953,"Poroshenko"
"757",2018-11-03,8.40617167274821,7.1108599085141,9.88815748238606,"Poroshenko"
"758",2018-11-04,8.40006111498517,7.12467169596058,9.90280178176327,"Poroshenko"
"759",2018-11-05,8.39973615510512,7.13518777333499,9.93262594331093,"Poroshenko"
"760",2018-11-06,8.38195632526477,7.13035564240648,9.92592956560139,"Poroshenko"
"761",2018-11-07,8.38370065149571,7.10865498885307,9.88725932409478,"Poroshenko"
"762",2018-11-08,8.3643359712675,7.08000676361168,9.83469574121788,"Poroshenko"
"763",2018-11-09,8.34865859356676,7.091523341977,9.82993651946913,"Poroshenko"
"764",2018-11-10,8.35100304951179,7.10532431153756,9.75470480321518,"Poroshenko"
"765",2018-11-11,8.33485629288498,7.06001200596565,9.6738035672394,"Poroshenko"
"766",2018-11-12,8.33640754479496,7.07893647709049,9.62376829558072,"Poroshenko"
"767",2018-11-13,8.37278198573903,7.06366200467917,9.66347570855748,"Poroshenko"
"768",2018-11-14,8.36907971781379,7.08034621288571,9.68619962800614,"Poroshenko"
"769",2018-11-15,8.40395713862145,7.11383160242839,9.711353588948,"Poroshenko"
"770",2018-11-16,8.4169642632019,7.14564481638717,9.7174272651969,"Poroshenko"
"771",2018-11-17,8.43706970373298,7.19353862357551,9.70666754645129,"Poroshenko"
"772",2018-11-18,8.46788526852514,7.22954725839889,9.76856779961675,"Poroshenko"
"773",2018-11-19,8.49201961592089,7.24606415027065,9.73677589759092,"Poroshenko"
"774",2018-11-20,8.51977939838572,7.32010914758733,9.75117839852362,"Poroshenko"
"775",2018-11-21,8.54567368815984,7.39224586562677,9.78211248786762,"Poroshenko"
"776",2018-11-22,8.57404321023967,7.39985571909554,9.75628608760724,"Poroshenko"
"777",2018-11-23,8.58662392254398,7.49391760085386,9.78068735583523,"Poroshenko"
"778",2018-11-24,8.61639292290781,7.53108007524649,9.78426902893596,"Poroshenko"
"779",2018-11-25,8.64981940997991,7.60138448398882,9.74290350952274,"Poroshenko"
"780",2018-11-26,8.67882400433105,7.70020304733976,9.72053116519314,"Poroshenko"
"781",2018-11-27,8.70489806387969,7.77395685509578,9.65243207018655,"Poroshenko"
"782",2018-11-28,8.71928994111634,7.88302487149347,9.57764022280399,"Poroshenko"
"783",2018-11-29,8.76509301706755,7.87170434587907,9.70272186509775,"Poroshenko"
"784",2018-11-30,8.83442990961619,7.88262384932086,9.79072625238319,"Poroshenko"
"785",2018-12-01,8.89220249042654,7.84964570866866,9.89712385577119,"Poroshenko"
"786",2018-12-02,8.94063366011607,7.89895216456266,10.0004136059947,"Poroshenko"
"787",2018-12-03,9.00585687921647,7.96691136568497,10.0763438222904,"Poroshenko"
"788",2018-12-04,9.05185602726342,7.98911601069612,10.107130971886,"Poroshenko"
"789",2018-12-05,9.11450027900564,8.03601302026478,10.1734360258252,"Poroshenko"
"790",2018-12-06,9.17473964124379,8.0610749973948,10.2492492713397,"Poroshenko"
"791",2018-12-07,9.21869698196321,8.12707620534356,10.2870009322273,"Poroshenko"
"792",2018-12-08,9.3359531139509,8.22637338887058,10.4029465679531,"Poroshenko"
"793",2018-12-09,9.40896637625761,8.27336110012298,10.5242844430245,"Poroshenko"
"794",2018-12-10,9.52899630797864,8.38160367828566,10.6583921399883,"Poroshenko"
"795",2018-12-11,9.64933850920394,8.48510787704307,10.7431488840322,"Poroshenko"
"796",2018-12-12,9.74676645708979,8.61275847403671,10.8103316082442,"Poroshenko"
"797",2018-12-13,9.84865438453655,8.77743341799329,10.9079591038866,"Poroshenko"
"798",2018-12-14,9.89564862015611,8.77489699801506,11.0208786505658,"Poroshenko"
"799",2018-12-15,9.93128694999979,8.78456383988271,11.1205330081684,"Poroshenko"
"800",2018-12-16,9.98434102686344,8.78685465685873,11.1905417426511,"Poroshenko"
"801",2018-12-17,10.0500044920476,8.84093608479139,11.2478805133443,"Poroshenko"
"802",2018-12-18,10.0954317471716,8.91411376787927,11.3574567539016,"Poroshenko"
"803",2018-12-19,10.1313701865057,8.93324632807262,11.3395291213069,"Poroshenko"
"804",2018-12-20,10.2353571064255,9.00516622854464,11.444524099133,"Poroshenko"
"805",2018-12-21,10.3252261310738,9.0517753859753,11.5845575785881,"Poroshenko"
"806",2018-12-22,10.4187040179069,9.11973800866797,11.6666848404542,"Poroshenko"
"807",2018-12-23,10.3926275508509,9.04045230422376,11.6637709025251,"Poroshenko"
"808",2018-12-24,10.3511378753928,8.93266711321717,11.699626523124,"Poroshenko"
"809",2018-12-25,10.3150119619418,8.89517219094778,11.6994327509315,"Poroshenko"
"810",2018-12-26,10.2982951379912,8.82665549233518,11.7233507896147,"Poroshenko"
"811",2018-12-27,10.2670727385624,8.71862109312602,11.7396289451885,"Poroshenko"
"812",2018-12-28,10.2385886071441,8.67488687012285,11.7322494274062,"Poroshenko"
"813",2018-12-29,10.2148107753712,8.59675793920043,11.7460817679041,"Poroshenko"
"814",2018-12-30,10.173195879493,8.54454298596386,11.7217592961953,"Poroshenko"
"815",2018-12-31,10.1672086784799,8.47758765140273,11.7842219486779,"Poroshenko"
"816",2019-01-01,10.1721086732852,8.39886742413834,11.8726778126123,"Poroshenko"
"817",2019-01-02,10.1800199646533,8.3361329854521,11.9085936571075,"Poroshenko"
"818",2019-01-03,10.2000862261704,8.25657291446772,11.9993254071763,"Poroshenko"
"819",2019-01-04,10.1858911109443,8.10695552412706,12.0831012828682,"Poroshenko"
"820",2019-01-05,10.1863796642485,8.05885869806757,12.1233531801757,"Poroshenko"
"821",2019-01-06,10.1751395732838,8.03136303491736,12.1986027222375,"Poroshenko"
"822",2019-01-07,10.1611125088592,7.94179458034184,12.240965576719,"Poroshenko"
"823",2019-01-08,10.1549872970821,7.89282836482897,12.3398171572195,"Poroshenko"
"824",2019-01-09,10.1641984953766,7.81743221113035,12.376409605298,"Poroshenko"
"825",2019-01-10,10.1673010394466,7.78228571033606,12.4272258843795,"Poroshenko"
"826",2019-01-11,10.164140284757,7.69212909144404,12.4896573075279,"Poroshenko"
"827",2019-01-12,10.1732133995623,7.62493821620065,12.5626119389657,"Poroshenko"
"828",2019-01-13,10.1671049524466,7.59619702568224,12.5796048926091,"Poroshenko"
